Workbook
Name _Toc301930468: TestDesign!$B$219
Name _Toc301930478: TestDesign!$B$379
Name ACTION: #REF!
Name LOCAL_DATE_SEPARATOR: #REF!
Name LOCAL_DAY_FORMAT: #REF!
Name LOCAL_HOUR_FORMAT: #REF!
Name LOCAL_MINUTE_FORMAT: #REF!
Name LOCAL_MONTH_FORMAT: #REF!
Name LOCAL_SECOND_FORMAT: #REF!
Name LOCAL_TIME_SEPARATOR: #REF!
Name LOCAL_YEAR_FORMAT: #REF!

Sheet Cover
B2: TEST CASE
B4: Project Name | C4: Snipe-IT (IT Asset Management) | F4: Creator | G4: Tạ Văn Huy
B5: Project Code | C5: Group17_SnipeIT | F5: Reviewer/Approver | G5: Trịnh Minh Quý
B6: Document Code | C6: Group17_SnipeIT_TestCase_V0.1 | F6: Issue Date | G6: 46314
F7: Version | G7: 0.1
B10: Record of change
B11: Effective Date | C11: Version | D11: Change Item | E11: *A,D,M | F11: Change description | G11: Reference
B12: 46314 | C12: 0.1 | D12: All | E12: A | F12: Tạo TestDesign cho 3 chức năng và 30 test case Accessory (chưa thực thi) | G12: https://snipe-it.readme.io/docs/overview

Sheet Test case List
D1: TEST CASE LIST
B3: Project Name | D3: Snipe-IT (IT Asset Management)
B4: Project Code | D4: Group17_SnipeIT
B5: Test Environment Setup Description | D5: 1. Hệ điều hành: Windows 10/11 2. Trình duyệt: Google Chrome (bản mới nhất), Firefox (Check List GUI) 3. Website: https://demo.snipeitapp.com (bản demo stable) 4. Tài khoản: admin / password (quyền Super Admin) 5. Công cụ automation: Katalon 6. Cơ sở test (thay SRS): tài liệu chính thức https://snipe-it.readme.io
B8: No | C8: Function Name | D8: Sheet Name | E8: Description | F8: Pre-Condition
B9: 1 | C9: Quản lý phụ kiện (Accessories) | D9: Accessory | E9: Danh sách, tạo, chỉnh sửa, xóa, cấp phát phụ kiện | F9: Đăng nhập tài khoản admin; dữ liệu test được tạo với tiền tố G17_.
B10: 2 | C10: Quản lý vật tư tiêu hao (Consumables) | D10: Consumable | E10: Danh sách, tạo, chỉnh sửa, cấp phát vật tư | F10: Đăng nhập tài khoản admin; dữ liệu test được tạo với tiền tố G17_.
B11: 3 | C11: Quản lý linh kiện (Components) | D11: Component | E11: Danh sách, tạo, chỉnh sửa, gắn và tháo linh kiện | F11: Đăng nhập tài khoản admin; dữ liệu test được tạo với tiền tố G17_.

Sheet TestDesign
A1: Requirement Level 1 | B1: Requirement Level 2 | C1: Requirement Level 3 | D1: Test Criteria | E1: Test Type | F1: Note
A2: 1. Phụ kiện (Accessory) | B2: Giao diện | C2: Danh sách | D2: Hiển thị bảng, tiêu đề, cột, nút thao tác | E2: GUI
B3: Giá trị mặc định | C3: Form tạo mới | D3: Trường Name, Category, Quantity, các trường tùy chọn | E3: GUI
B4: Thêm mới | C4: Hợp lệ | D4: Tạo với thông tin bắt buộc; tạo với đầy đủ dữ liệu | E4: Function
C5: Thiếu dữ liệu | D5: Bỏ trống Name, Category, Quantity | E5: Function
C6: Giá trị biên | D6: Quantity bằng 0, âm, chữ, số lớn; Name có khoảng trắng | E6: Function
C7: Dữ liệu đặc biệt | D7: Tên tiếng Việt, ký tự đặc biệt, chuỗi HTML | E7: Function
B8: Sửa | C8: Hợp lệ và không hợp lệ | D8: Sửa Name, Quantity; bỏ trống trường bắt buộc; hủy sửa | E8: Function
B9: Xóa | C9: Xác nhận và hủy | D9: Xóa phụ kiện chưa cấp phát; hủy xóa; kiểm tra ràng buộc | E9: Function
B10: Danh sách | C10: Tìm kiếm và sắp xếp | D10: Tìm đúng, tìm sai, sắp xếp và phân trang | E10: Function
B11: Cấp phát | C11: Số lượng | D11: Cấp phát cho người dùng, kiểm tra số lượng tồn và vượt tồn | E11: Function
A12: 2. Vật tư tiêu hao (Consumable) | B12: Giao diện | C12: Danh sách và form | D12: Hiển thị danh sách và các trường nhập liệu | E12: GUI
B13: Thêm mới | C13: Hợp lệ / thiếu / sai | D13: Kiểm tra Name, Category, Quantity, giá trị biên | E13: Function
B14: Sửa | C14: Cập nhật | D14: Cập nhật tên và số lượng, hủy sửa | E14: Function
B15: Cấp phát | C15: Số lượng | D15: Cấp phát và đối chiếu số lượng còn lại | E15: Function
B16: Danh sách | C16: Tìm kiếm | D16: Tìm kiếm, sắp xếp và phân trang | E16: Function
A17: 3. Linh kiện (Component) | B17: Giao diện | C17: Danh sách và form | D17: Kiểm tra các cột, nút và giá trị mặc định | E17: GUI
B18: Thêm mới | C18: Hợp lệ / thiếu / sai | D18: Kiểm tra Name, Category, Quantity và giá trị biên | E18: Function
B19: Sửa | C19: Cập nhật | D19: Sửa tên và số lượng; kiểm tra lỗi nhập liệu | E19: Function
B20: Gắn / tháo | C20: Nghiệp vụ | D20: Gắn linh kiện vào tài sản, tháo và kiểm tra số lượng | E20: Function
B21: Danh sách | C21: Tìm kiếm | D21: Tìm kiếm, sắp xếp và phân trang | E21: Function

Sheet Accessory
A2: Module Code | B2: Accessory | J2: Passed
A3: Test requirement | B3: Quản lý phụ kiện (Accessories) | J3: Failed
A4: Tester | B4: Tạ Văn Huy | J4: Blocked
A5: Passed | B5: Failed | C5: Untested | D5: Blocked | E5: Skipped | F5: Number of Test cases | J5: Untested
A6: =COUNTIF(F9:F996,"Passed") -> 0 | B6: =COUNTIF(F9:F996,"Failed") -> 0 | C6: =F6-E6-D6-B6-A6 -> 30 | D6: =COUNTIF(F9:F996,"Blocked") -> 0 | E6: =COUNTIF(F9:F996,"Skipped") -> 0 | F6: =COUNTIF(B9:B996,"?*") -> 30 | J6: Skipped
A8: ID | B8: Test Case Description | C8: Test Case Procedure | D8: Expected Output | E8: Inter-test case Dependence | F8: Result | G8: Test date | H8: Note
A9: =IF(OR(B9<>"",D9<>""),"["&$B$2&"-"&(ROW()-8)&"]","") -> [Accessory-1] | B9: Hiển thị danh sách phụ kiện | C9: Pre-condition: + Đăng nhập https://demo.snipeitapp.com với tài khoản quản trị. + Tạo trước danh mục phụ kiện [G17_AccessoryCat] nếu test cần. + Với thao tác sửa/cấp phát/xóa, tạo trước dữ liệu G17_ tương ứng; với cấp phát tạo người dùng thử và bảo đảm còn tồn kho. Step: 1. Mở menu [Accessories]. 2. mở [Accessories]. 3. Quan sát thông báo và dữ liệu trên màn hình. | D9: 1. Màn hình [Accessories] hiển thị. 2. Bảng phụ kiện và các thao tác quản lý được hiển thị. 3. Dữ liệu hiển thị nhất quán với kết quả ở bước 2. | F9: Untested | H9: Thiết kế dựa trên luồng chức năng; cần xác minh nhãn nút, trường và quy tắc trên demo trước khi thực thi.
A10: =IF(OR(B10<>"",D10<>""),"["&$B$2&"-"&(ROW()-8)&"]","") -> [Accessory-2] | B10: Mở form tạo phụ kiện | C10: Pre-condition: + Đăng nhập https://demo.snipeitapp.com với tài khoản quản trị. + Tạo trước danh mục phụ kiện [G17_AccessoryCat] nếu test cần. + Với thao tác sửa/cấp phát/xóa, tạo trước dữ liệu G17_ tương ứng; với cấp phát tạo người dùng thử và bảo đảm còn tồn kho. Step: 1. Mở menu [Accessories]. 2. nhấn [Create New] tại [Accessories]. 3. Quan sát thông báo và dữ liệu trên màn hình. | D10: 1. Màn hình [Accessories] hiển thị. 2. Form tạo mới phụ kiện hiển thị các trường nhập liệu. 3. Dữ liệu hiển thị nhất quán với kết quả ở bước 2. | F10: Untested | H10: Thiết kế dựa trên luồng chức năng; cần xác minh nhãn nút, trường và quy tắc trên demo trước khi thực thi.
A11: =IF(OR(B11<>"",D11<>""),"["&$B$2&"-"&(ROW()-8)&"]","") -> [Accessory-3] | B11: Kiểm tra giá trị mặc định form | C11: Pre-condition: + Đăng nhập https://demo.snipeitapp.com với tài khoản quản trị. + Tạo trước danh mục phụ kiện [G17_AccessoryCat] nếu test cần. + Với thao tác sửa/cấp phát/xóa, tạo trước dữ liệu G17_ tương ứng; với cấp phát tạo người dùng thử và bảo đảm còn tồn kho. Step: 1. Mở menu [Accessories]. 2. quan sát form tạo mới khi chưa nhập. 3. Quan sát thông báo và dữ liệu trên màn hình. | D11: 1. Màn hình [Accessories] hiển thị. 2. Các trường chưa nhập ở trạng thái mặc định, không tự xuất hiện dữ liệu G17_. 3. Dữ liệu hiển thị nhất quán với kết quả ở bước 2. | F11: Untested | H11: Thiết kế dựa trên luồng chức năng; cần xác minh nhãn nút, trường và quy tắc trên demo trước khi thực thi.
A12: =IF(OR(B12<>"",D12<>""),"["&$B$2&"-"&(ROW()-8)&"]","") -> [Accessory-4] | B12: Tạo phụ kiện hợp lệ với trường bắt buộc | C12: Pre-condition: + Đăng nhập https://demo.snipeitapp.com với tài khoản quản trị. + Tạo trước danh mục phụ kiện [G17_AccessoryCat] nếu test cần. + Với thao tác sửa/cấp phát/xóa, tạo trước dữ liệu G17_ tương ứng; với cấp phát tạo người dùng thử và bảo đảm còn tồn kho. Step: 1. Mở menu [Accessories]. 2. nhập [Name: G17_Mouse_01], [Category: G17_AccessoryCat], [Quantity: 10]; nhấn [Save]. 3. Quan sát thông báo và dữ liệu trên màn hình. | D12: 1. Màn hình [Accessories] hiển thị. 2. Thông báo tạo thành công; G17_Mouse_01 xuất hiện trong danh sách. 3. Dữ liệu hiển thị nhất quán với kết quả ở bước 2. | F12: Untested | H12: Thiết kế dựa trên luồng chức năng; cần xác minh nhãn nút, trường và quy tắc trên demo trước khi thực thi.
A13: =IF(OR(B13<>"",D13<>""),"["&$B$2&"-"&(ROW()-8)&"]","") -> [Accessory-5] | B13: Tạo phụ kiện với thông tin bổ sung | C13: Pre-condition: + Đăng nhập https://demo.snipeitapp.com với tài khoản quản trị. + Tạo trước danh mục phụ kiện [G17_AccessoryCat] nếu test cần. + Với thao tác sửa/cấp phát/xóa, tạo trước dữ liệu G17_ tương ứng; với cấp phát tạo người dùng thử và bảo đảm còn tồn kho. Step: 1. Mở menu [Accessories]. 2. nhập [Name: G17_Keyboard_01], [Category: G17_AccessoryCat], [Quantity: 5], các trường tùy chọn hợp lệ; nhấn [Save]. 3. Quan sát thông báo và dữ liệu trên màn hình. | D13: 1. Màn hình [Accessories] hiển thị. 2. Phụ kiện được lưu; các thông tin đã nhập hiển thị đúng khi xem lại. 3. Dữ liệu hiển thị nhất quán với kết quả ở bước 2. | F13: Untested | H13: Thiết kế dựa trên luồng chức năng; cần xác minh nhãn nút, trường và quy tắc trên demo trước khi thực thi.
A14: =IF(OR(B14<>"",D14<>""),"["&$B$2&"-"&(ROW()-8)&"]","") -> [Accessory-6] | B14: Không nhập tên phụ kiện | C14: Pre-condition: + Đăng nhập https://demo.snipeitapp.com với tài khoản quản trị. + Tạo trước danh mục phụ kiện [G17_AccessoryCat] nếu test cần. + Với thao tác sửa/cấp phát/xóa, tạo trước dữ liệu G17_ tương ứng; với cấp phát tạo người dùng thử và bảo đảm còn tồn kho. Step: 1. Mở menu [Accessories]. 2. để trống [Name], chọn [Category: G17_AccessoryCat], nhập [Quantity: 3]; nhấn [Save]. 3. Quan sát thông báo và dữ liệu trên màn hình. | D14: 1. Màn hình [Accessories] hiển thị. 2. Form báo lỗi bắt buộc tại Name; không tạo bản ghi. 3. Dữ liệu hiển thị nhất quán với kết quả ở bước 2. | F14: Untested | H14: Thiết kế dựa trên luồng chức năng; cần xác minh nhãn nút, trường và quy tắc trên demo trước khi thực thi.
A15: =IF(OR(B15<>"",D15<>""),"["&$B$2&"-"&(ROW()-8)&"]","") -> [Accessory-7] | B15: Không chọn danh mục | C15: Pre-condition: + Đăng nhập https://demo.snipeitapp.com với tài khoản quản trị. + Tạo trước danh mục phụ kiện [G17_AccessoryCat] nếu test cần. + Với thao tác sửa/cấp phát/xóa, tạo trước dữ liệu G17_ tương ứng; với cấp phát tạo người dùng thử và bảo đảm còn tồn kho. Step: 1. Mở menu [Accessories]. 2. nhập [Name: G17_NoCategory], [Quantity: 3], không chọn [Category]; nhấn [Save]. 3. Quan sát thông báo và dữ liệu trên màn hình. | D15: 1. Màn hình [Accessories] hiển thị. 2. Hiển thị lỗi yêu cầu chọn Category; không tạo bản ghi. 3. Dữ liệu hiển thị nhất quán với kết quả ở bước 2. | F15: Untested | H15: Thiết kế dựa trên luồng chức năng; cần xác minh nhãn nút, trường và quy tắc trên demo trước khi thực thi.
A16: =IF(OR(B16<>"",D16<>""),"["&$B$2&"-"&(ROW()-8)&"]","") -> [Accessory-8] | B16: Bỏ trống số lượng | C16: Pre-condition: + Đăng nhập https://demo.snipeitapp.com với tài khoản quản trị. + Tạo trước danh mục phụ kiện [G17_AccessoryCat] nếu test cần. + Với thao tác sửa/cấp phát/xóa, tạo trước dữ liệu G17_ tương ứng; với cấp phát tạo người dùng thử và bảo đảm còn tồn kho. Step: 1. Mở menu [Accessories]. 2. nhập [Name: G17_NoQty], [Category: G17_AccessoryCat], để trống [Quantity]; nhấn [Save]. 3. Quan sát thông báo và dữ liệu trên màn hình. | D16: 1. Màn hình [Accessories] hiển thị. 2. Form hiển thị yêu cầu nhập số lượng hoặc quy tắc mặc định rõ ràng; không lưu số lượng không hợp lệ. 3. Dữ liệu hiển thị nhất quán với kết quả ở bước 2. | F16: Untested | H16: Thiết kế dựa trên luồng chức năng; cần xác minh nhãn nút, trường và quy tắc trên demo trước khi thực thi.
A17: =IF(OR(B17<>"",D17<>""),"["&$B$2&"-"&(ROW()-8)&"]","") -> [Accessory-9] | B17: Nhập số lượng âm | C17: Pre-condition: + Đăng nhập https://demo.snipeitapp.com với tài khoản quản trị. + Tạo trước danh mục phụ kiện [G17_AccessoryCat] nếu test cần. + Với thao tác sửa/cấp phát/xóa, tạo trước dữ liệu G17_ tương ứng; với cấp phát tạo người dùng thử và bảo đảm còn tồn kho. Step: 1. Mở menu [Accessories]. 2. nhập [Name: G17_NegQty], [Category: G17_AccessoryCat], [Quantity: -1]; nhấn [Save]. 3. Quan sát thông báo và dữ liệu trên màn hình. | D17: 1. Màn hình [Accessories] hiển thị. 2. Giá trị âm bị từ chối và hiển thị lỗi; không tạo số lượng âm. 3. Dữ liệu hiển thị nhất quán với kết quả ở bước 2. | F17: Untested | H17: Thiết kế dựa trên luồng chức năng; cần xác minh nhãn nút, trường và quy tắc trên demo trước khi thực thi.
A18: =IF(OR(B18<>"",D18<>""),"["&$B$2&"-"&(ROW()-8)&"]","") -> [Accessory-10] | B18: Nhập chữ vào số lượng | C18: Pre-condition: + Đăng nhập https://demo.snipeitapp.com với tài khoản quản trị. + Tạo trước danh mục phụ kiện [G17_AccessoryCat] nếu test cần. + Với thao tác sửa/cấp phát/xóa, tạo trước dữ liệu G17_ tương ứng; với cấp phát tạo người dùng thử và bảo đảm còn tồn kho. Step: 1. Mở menu [Accessories]. 2. nhập [Name: G17_TextQty], [Category: G17_AccessoryCat], [Quantity: abc]; nhấn [Save]. 3. Quan sát thông báo và dữ liệu trên màn hình. | D18: 1. Màn hình [Accessories] hiển thị. 2. Quantity không chấp nhận chữ; không lưu dữ liệu số lượng sai. 3. Dữ liệu hiển thị nhất quán với kết quả ở bước 2. | F18: Untested | H18: Thiết kế dựa trên luồng chức năng; cần xác minh nhãn nút, trường và quy tắc trên demo trước khi thực thi.
A19: =IF(OR(B19<>"",D19<>""),"["&$B$2&"-"&(ROW()-8)&"]","") -> [Accessory-11] | B19: Nhập số lượng thập phân | C19: Pre-condition: + Đăng nhập https://demo.snipeitapp.com với tài khoản quản trị. + Tạo trước danh mục phụ kiện [G17_AccessoryCat] nếu test cần. + Với thao tác sửa/cấp phát/xóa, tạo trước dữ liệu G17_ tương ứng; với cấp phát tạo người dùng thử và bảo đảm còn tồn kho. Step: 1. Mở menu [Accessories]. 2. nhập [Name: G17_DecQty], [Category: G17_AccessoryCat], [Quantity: 1.5]; nhấn [Save]. 3. Quan sát thông báo và dữ liệu trên màn hình. | D19: 1. Màn hình [Accessories] hiển thị. 2. Hệ thống từ chối số lượng không nguyên; không lưu số lượng lẻ. 3. Dữ liệu hiển thị nhất quán với kết quả ở bước 2. | F19: Untested | H19: Thiết kế dựa trên luồng chức năng; cần xác minh nhãn nút, trường và quy tắc trên demo trước khi thực thi.
A20: =IF(OR(B20<>"",D20<>""),"["&$B$2&"-"&(ROW()-8)&"]","") -> [Accessory-12] | B20: Nhập số lượng bằng 0 | C20: Pre-condition: + Đăng nhập https://demo.snipeitapp.com với tài khoản quản trị. + Tạo trước danh mục phụ kiện [G17_AccessoryCat] nếu test cần. + Với thao tác sửa/cấp phát/xóa, tạo trước dữ liệu G17_ tương ứng; với cấp phát tạo người dùng thử và bảo đảm còn tồn kho. Step: 1. Mở menu [Accessories]. 2. nhập [Name: G17_ZeroQty], [Category: G17_AccessoryCat], [Quantity: 0]; nhấn [Save]. 3. Quan sát thông báo và dữ liệu trên màn hình. | D20: 1. Màn hình [Accessories] hiển thị. 2. Hệ thống áp dụng quy tắc số lượng tối thiểu và hiển thị kết quả hoặc lỗi rõ ràng; không có số lượng âm. 3. Dữ liệu hiển thị nhất quán với kết quả ở bước 2. | F20: Untested | H20: Thiết kế dựa trên luồng chức năng; cần xác minh nhãn nút, trường và quy tắc trên demo trước khi thực thi.
... A38: =IF(OR(B38<>"",D38<>""),"["&$B$2&"-"&(ROW()-8)&"]","") -> [Accessory-30] | B38: Hủy thao tác xóa phụ kiện | C38: Pre-condition: + Đăng nhập https://demo.snipeitapp.com với tài khoản quản trị. + Tạo trước danh mục phụ kiện [G17_AccessoryCat] nếu test cần. + Với thao tác sửa/cấp phát/xóa, tạo trước dữ liệu G17_ tương ứng; với cấp phát tạo người dùng thử và bảo đảm còn tồn kho. Step: 1. Mở menu [Accessories]. 2. chọn phụ kiện chưa cấp phát [G17_Keyboard_01], nhấn [Delete] rồi [Cancel]. 3. Quan sát thông báo và dữ liệu trên màn hình. | D38: 1. Màn hình [Accessories] hiển thị. 2. Hộp thoại đóng; phụ kiện vẫn có trong danh sách. 3. Dữ liệu hiển thị nhất quán với kết quả ở bước 2. | F38: Untested | H38: Thiết kế dựa trên luồng chức năng; cần xác minh nhãn nút, trường và quy tắc trên demo trước khi thực thi.
A39: =IF(OR(B39<>"",D39<>""),"["&$B$2&"-"&(ROW()-8)&"]","")
A40: =IF(OR(B40<>"",D40<>""),"["&$B$2&"-"&(ROW()-8)&"]","")
A41: =IF(OR(B41<>"",D41<>""),"["&$B$2&"-"&(ROW()-8)&"]","")
A42: =IF(OR(B42<>"",D42<>""),"["&$B$2&"-"&(ROW()-8)&"]","")
A43: =IF(OR(B43<>"",D43<>""),"["&$B$2&"-"&(ROW()-8)&"]","")
A44: =IF(OR(B44<>"",D44<>""),"["&$B$2&"-"&(ROW()-8)&"]","")
A45: =IF(OR(B45<>"",D45<>""),"["&$B$2&"-"&(ROW()-8)&"]","")
A46: =IF(OR(B46<>"",D46<>""),"["&$B$2&"-"&(ROW()-8)&"]","")
A47: =IF(OR(B47<>"",D47<>""),"["&$B$2&"-"&(ROW()-8)&"]","")
A48: =IF(OR(B48<>"",D48<>""),"["&$B$2&"-"&(ROW()-8)&"]","")
A49: =IF(OR(B49<>"",D49<>""),"["&$B$2&"-"&(ROW()-8)&"]","")
A50: =IF(OR(B50<>"",D50<>""),"["&$B$2&"-"&(ROW()-8)&"]","")
... A100: =IF(OR(B100<>"",D100<>""),"["&$B$2&"-"&(ROW()-8)&"]","")
A101: =IF(OR(B101<>"",D101<>""),"["&TEXT($B$2,"##")&"-"&TEXT(ROW()-8,"##")&"]","")
A102: =IF(OR(B102<>"",D102<>""),"["&TEXT($B$2,"##")&"-"&TEXT(ROW()-8,"##")&"]","")
A103: =IF(OR(B103<>"",D103<>""),"["&TEXT($B$2,"##")&"-"&TEXT(ROW()-8,"##")&"]","")
A104: =IF(OR(B104<>"",D104<>""),"["&TEXT($B$2,"##")&"-"&TEXT(ROW()-8,"##")&"]","")
A105: =IF(OR(B105<>"",D105<>""),"["&TEXT($B$2,"##")&"-"&TEXT(ROW()-8,"##")&"]","")
A106: =IF(OR(B106<>"",D106<>""),"["&TEXT($B$2,"##")&"-"&TEXT(ROW()-8,"##")&"]","")
A107: =IF(OR(B107<>"",D107<>""),"["&TEXT($B$2,"##")&"-"&TEXT(ROW()-8,"##")&"]","")
A108: =IF(OR(B108<>"",D108<>""),"["&TEXT($B$2,"##")&"-"&TEXT(ROW()-8,"##")&"]","")

Sheet Consumable
A2: Module Code | B2: Consumable | J2: Passed
A3: Test requirement | B3: Quản lý vật tư tiêu hao (Consumables) | J3: Failed
A4: Tester | B4: Tạ Văn Huy | J4: Blocked
A5: Passed | B5: Failed | C5: Untested | D5: Blocked | E5: Skipped | F5: Number of Test cases | J5: Untested
A6: =COUNTIF(F9:F996,"Passed") -> 0 | B6: =COUNTIF(F9:F996,"Failed") -> 0 | C6: =F6-E6-D6-B6-A6 -> 0 | D6: =COUNTIF(F9:F996,"Blocked") -> 0 | E6: =COUNTIF(F9:F996,"Skipped") -> 0 | F6: =COUNTIF(B9:B996,"?*") -> 0 | J6: Skipped
A8: ID | B8: Test Case Description | C8: Test Case Procedure | D8: Expected Output | E8: Inter-test case Dependence | F8: Result | G8: Test date | H8: Note
A9: =IF(OR(B9<>"",D9<>""),"["&$B$2&"-"&(ROW()-8)&"]","") | H9: Chưa triển khai test case chi tiết trong đợt nộp này; đã có TestDesign.
A10: =IF(OR(B10<>"",D10<>""),"["&$B$2&"-"&(ROW()-8)&"]","")
A11: =IF(OR(B11<>"",D11<>""),"["&$B$2&"-"&(ROW()-8)&"]","")
A12: =IF(OR(B12<>"",D12<>""),"["&$B$2&"-"&(ROW()-8)&"]","")
A13: =IF(OR(B13<>"",D13<>""),"["&$B$2&"-"&(ROW()-8)&"]","")
A14: =IF(OR(B14<>"",D14<>""),"["&$B$2&"-"&(ROW()-8)&"]","")
A15: =IF(OR(B15<>"",D15<>""),"["&$B$2&"-"&(ROW()-8)&"]","")
A16: =IF(OR(B16<>"",D16<>""),"["&$B$2&"-"&(ROW()-8)&"]","")
A17: =IF(OR(B17<>"",D17<>""),"["&$B$2&"-"&(ROW()-8)&"]","")
A18: =IF(OR(B18<>"",D18<>""),"["&$B$2&"-"&(ROW()-8)&"]","")
A19: =IF(OR(B19<>"",D19<>""),"["&$B$2&"-"&(ROW()-8)&"]","")
A20: =IF(OR(B20<>"",D20<>""),"["&$B$2&"-"&(ROW()-8)&"]","")
A21: =IF(OR(B21<>"",D21<>""),"["&$B$2&"-"&(ROW()-8)&"]","")
... A100: =IF(OR(B100<>"",D100<>""),"["&$B$2&"-"&(ROW()-8)&"]","")
A101: =IF(OR(B101<>"",D101<>""),"["&TEXT($B$2,"##")&"-"&TEXT(ROW()-8,"##")&"]","")
A102: =IF(OR(B102<>"",D102<>""),"["&TEXT($B$2,"##")&"-"&TEXT(ROW()-8,"##")&"]","")
A103: =IF(OR(B103<>"",D103<>""),"["&TEXT($B$2,"##")&"-"&TEXT(ROW()-8,"##")&"]","")
A104: =IF(OR(B104<>"",D104<>""),"["&TEXT($B$2,"##")&"-"&TEXT(ROW()-8,"##")&"]","")
A105: =IF(OR(B105<>"",D105<>""),"["&TEXT($B$2,"##")&"-"&TEXT(ROW()-8,"##")&"]","")
A106: =IF(OR(B106<>"",D106<>""),"["&TEXT($B$2,"##")&"-"&TEXT(ROW()-8,"##")&"]","")
A107: =IF(OR(B107<>"",D107<>""),"["&TEXT($B$2,"##")&"-"&TEXT(ROW()-8,"##")&"]","")
A108: =IF(OR(B108<>"",D108<>""),"["&TEXT($B$2,"##")&"-"&TEXT(ROW()-8,"##")&"]","")

Sheet Component
A2: Module Code | B2: Component | J2: Passed
A3: Test requirement | B3: Quản lý linh kiện (Components) | J3: Failed
A4: Tester | B4: Tạ Văn Huy | J4: Blocked
A5: Passed | B5: Failed | C5: Untested | D5: Blocked | E5: Skipped | F5: Number of Test cases | J5: Untested
A6: =COUNTIF(F9:F996,"Passed") -> 0 | B6: =COUNTIF(F9:F996,"Failed") -> 0 | C6: =F6-E6-D6-B6-A6 -> 0 | D6: =COUNTIF(F9:F996,"Blocked") -> 0 | E6: =COUNTIF(F9:F996,"Skipped") -> 0 | F6: =COUNTIF(B9:B996,"?*") -> 0 | J6: Skipped
A8: ID | B8: Test Case Description | C8: Test Case Procedure | D8: Expected Output | E8: Inter-test case Dependence | F8: Result | G8: Test date | H8: Note
A9: =IF(OR(B9<>"",D9<>""),"["&$B$2&"-"&(ROW()-8)&"]","")
A10: =IF(OR(B10<>"",D10<>""),"["&$B$2&"-"&(ROW()-8)&"]","")
A11: =IF(OR(B11<>"",D11<>""),"["&$B$2&"-"&(ROW()-8)&"]","")
A12: =IF(OR(B12<>"",D12<>""),"["&$B$2&"-"&(ROW()-8)&"]","")
A13: =IF(OR(B13<>"",D13<>""),"["&$B$2&"-"&(ROW()-8)&"]","")
A14: =IF(OR(B14<>"",D14<>""),"["&$B$2&"-"&(ROW()-8)&"]","")
A15: =IF(OR(B15<>"",D15<>""),"["&$B$2&"-"&(ROW()-8)&"]","")
A16: =IF(OR(B16<>"",D16<>""),"["&$B$2&"-"&(ROW()-8)&"]","")
A17: =IF(OR(B17<>"",D17<>""),"["&$B$2&"-"&(ROW()-8)&"]","")
A18: =IF(OR(B18<>"",D18<>""),"["&$B$2&"-"&(ROW()-8)&"]","")
A19: =IF(OR(B19<>"",D19<>""),"["&$B$2&"-"&(ROW()-8)&"]","")
A20: =IF(OR(B20<>"",D20<>""),"["&$B$2&"-"&(ROW()-8)&"]","")
... A100: =IF(OR(B100<>"",D100<>""),"["&$B$2&"-"&(ROW()-8)&"]","")
A101: =IF(OR(B101<>"",D101<>""),"["&TEXT($B$2,"##")&"-"&TEXT(ROW()-8,"##")&"]","")
A102: =IF(OR(B102<>"",D102<>""),"["&TEXT($B$2,"##")&"-"&TEXT(ROW()-8,"##")&"]","")
A103: =IF(OR(B103<>"",D103<>""),"["&TEXT($B$2,"##")&"-"&TEXT(ROW()-8,"##")&"]","")
A104: =IF(OR(B104<>"",D104<>""),"["&TEXT($B$2,"##")&"-"&TEXT(ROW()-8,"##")&"]","")
A105: =IF(OR(B105<>"",D105<>""),"["&TEXT($B$2,"##")&"-"&TEXT(ROW()-8,"##")&"]","")
A106: =IF(OR(B106<>"",D106<>""),"["&TEXT($B$2,"##")&"-"&TEXT(ROW()-8,"##")&"]","")
A107: =IF(OR(B107<>"",D107<>""),"["&TEXT($B$2,"##")&"-"&TEXT(ROW()-8,"##")&"]","")
A108: =IF(OR(B108<>"",D108<>""),"["&TEXT($B$2,"##")&"-"&TEXT(ROW()-8,"##")&"]","")

Sheet Test Report
B1: TEST REPORT
B3: Project Name | C3: =Cover!C4 -> Snipe-IT (IT Asset Management) | E3: Creator | G3: =Cover!G4 -> Tạ Văn Huy
B4: Project Code | C4: =Cover!C5 -> Group17_SnipeIT | E4: Reviewer/Approver | G4: =Cover!G5 -> Trịnh Minh Quý
B5: Document Code | C5: =C4&"_"&"Test Report"&"_"&"v0.1" -> Group17_SnipeIT_Test Report_v0.1 | E5: Issue Date | G5: 19-thg 10-26
B6: Notes | C6: Modules in this file: 3 functions assigned to the tester (see Test case List)
B10: No | C10: Module code | D10: Pass | E10: Fail | F10: Untested | G10: Blocked | H10: Skipped | I10: Number of test cases
B11: 1 | C11: =Accessory!B2 -> Accessory | D11: =Accessory!A6 -> 0 | E11: =Accessory!B6 -> 0 | F11: =Accessory!C6 -> 30 | G11: =Accessory!D6 -> 0 | H11: =Accessory!E6 -> 0 | I11: =Accessory!F6 -> 30
B12: 2 | C12: =Consumable!B2 -> Consumable | D12: =Consumable!A6 -> 0 | E12: =Consumable!B6 -> 0 | F12: =Consumable!C6 -> 0 | G12: =Consumable!D6 -> 0 | H12: =Consumable!E6 -> 0 | I12: =Consumable!F6 -> 0
B13: 3 | C13: =Component!B2 -> Component | D13: =Component!A6 -> 0 | E13: =Component!B6 -> 0 | F13: =Component!C6 -> 0 | G13: =Component!D6 -> 0 | H13: =Component!E6 -> 0 | I13: =Component!F6 -> 0
C15: Sub total | D15: =SUM(D9:D14) -> 0 | E15: =SUM(E9:E14) -> 0 | F15: =SUM(F9:F14) -> 30 | G15: =SUM(G9:G14) -> 0 | H15: =SUM(H9:H14) -> 0 | I15: =SUM(I9:I14) -> 30
C17: Test coverage | E17: =IFERROR((D15+E15)*100/(I15-H15-G15),0) -> 0 | F17: %
C18: Test successful coverage | E18: =IFERROR(D15*100/(D15+E15),0) -> 0 | F18: %
